{"trainX":[148.657012,136.160878,166.625341,164.274818,183.071837], "trainY":[500.000000,1000.000000,250.000000,125.000000,62.500000], "qualityX":[136.604413,171.835206], "qualityY":[750.000000,156.000000],"sample":165.555354}